-- phpMyAdmin SQL Dump
-- version 4.5.1
-- http://www.phpmyadmin.net
--
-- Host: 127.0.0.1
-- Generation Time: May 27, 2022 at 04:40 PM
-- Server version: 10.1.19-MariaDB
-- PHP Version: 5.6.28

SET SQL_MODE = "NO_AUTO_VALUE_ON_ZERO";
SET time_zone = "+00:00";


/*!40101 SET @OLD_CHARACTER_SET_CLIENT=@@CHARACTER_SET_CLIENT */;
/*!40101 SET @OLD_CHARACTER_SET_RESULTS=@@CHARACTER_SET_RESULTS */;
/*!40101 SET @OLD_COLLATION_CONNECTION=@@COLLATION_CONNECTION */;
/*!40101 SET NAMES utf8mb4 */;

--
-- Database: `ahp`
--

-- --------------------------------------------------------

--
-- Table structure for table `alternatif`
--

CREATE TABLE `alternatif` (
  `id` int(11) NOT NULL,
  `nama` varchar(20) NOT NULL
) ENGINE=MyISAM DEFAULT CHARSET=latin1;

--
-- Dumping data for table `alternatif`
--

INSERT INTO `alternatif` (`id`, `nama`) VALUES
(19, 'Gofood'),
(20, 'Grabfood'),
(21, 'Shopeefood'),
(22, 'Traveloka Eats');

-- --------------------------------------------------------

--
-- Table structure for table `ir`
--

CREATE TABLE `ir` (
  `jumlah` int(11) NOT NULL,
  `nilai` float NOT NULL
) ENGINE=MyISAM DEFAULT CHARSET=latin1;

--
-- Dumping data for table `ir`
--

INSERT INTO `ir` (`jumlah`, `nilai`) VALUES
(1, 0),
(2, 0),
(3, 0.58),
(4, 0.9),
(5, 1.12),
(6, 1.24),
(7, 1.32),
(8, 1.41),
(9, 1.45),
(10, 1.49),
(11, 1.51),
(12, 1.48),
(13, 1.56),
(14, 1.57),
(15, 1.59);

-- --------------------------------------------------------

--
-- Table structure for table `kriteria`
--

CREATE TABLE `kriteria` (
  `id` int(11) NOT NULL,
  `nama` varchar(20) NOT NULL
) ENGINE=MyISAM DEFAULT CHARSET=latin1;

--
-- Dumping data for table `kriteria`
--

INSERT INTO `kriteria` (`id`, `nama`) VALUES
(28, 'Tampilan'),
(29, 'Sistem Pembayaran'),
(30, 'Promo'),
(31, 'Kecepatan Akses'),
(32, 'Harga Makanan');

-- --------------------------------------------------------

--
-- Table structure for table `perbandingan_alternatif`
--

CREATE TABLE `perbandingan_alternatif` (
  `id` int(11) NOT NULL,
  `alternatif1` int(11) NOT NULL,
  `alternatif2` int(11) NOT NULL,
  `pembanding` int(11) NOT NULL,
  `nilai` float NOT NULL
) ENGINE=MyISAM DEFAULT CHARSET=latin1;

--
-- Dumping data for table `perbandingan_alternatif`
--

INSERT INTO `perbandingan_alternatif` (`id`, `alternatif1`, `alternatif2`, `pembanding`, `nilai`) VALUES
(16, 19, 20, 28, 1),
(17, 19, 21, 28, 1),
(18, 19, 22, 28, 1),
(19, 20, 21, 28, 1),
(20, 20, 22, 28, 1),
(21, 21, 22, 28, 1),
(22, 19, 20, 29, 1),
(23, 19, 21, 29, 1),
(24, 19, 22, 29, 1),
(25, 20, 21, 29, 1),
(26, 20, 22, 29, 1),
(27, 21, 22, 29, 1);

-- --------------------------------------------------------

--
-- Table structure for table `perbandingan_kriteria`
--

CREATE TABLE `perbandingan_kriteria` (
  `id` int(11) NOT NULL,
  `kriteria1` int(11) NOT NULL,
  `kriteria2` int(11) NOT NULL,
  `nilai` float NOT NULL
) ENGINE=MyISAM DEFAULT CHARSET=latin1;

--
-- Dumping data for table `perbandingan_kriteria`
--

INSERT INTO `perbandingan_kriteria` (`id`, `kriteria1`, `kriteria2`, `nilai`) VALUES
(7, 28, 29, 9),
(8, 28, 30, 0.111111),
(9, 28, 31, 0.142857),
(10, 28, 32, 0.111111),
(11, 29, 30, 0.111111),
(12, 29, 31, 9),
(13, 29, 32, 0.142857),
(14, 30, 31, 7),
(15, 30, 32, 7),
(16, 31, 32, 5);

-- --------------------------------------------------------

--
-- Table structure for table `pv_alternatif`
--

CREATE TABLE `pv_alternatif` (
  `id` int(11) NOT NULL,
  `id_alternatif` int(11) NOT NULL,
  `id_kriteria` int(11) NOT NULL,
  `nilai` float NOT NULL
) ENGINE=MyISAM DEFAULT CHARSET=latin1;

--
-- Dumping data for table `pv_alternatif`
--

INSERT INTO `pv_alternatif` (`id`, `id_alternatif`, `id_kriteria`, `nilai`) VALUES
(40, 19, 28, 0.25),
(41, 20, 28, 0.25),
(42, 21, 28, 0.25),
(43, 22, 28, 0.25),
(44, 19, 29, 0.25),
(45, 20, 29, 0.25),
(46, 21, 29, 0.25),
(47, 22, 29, 0.25);

-- --------------------------------------------------------

--
-- Table structure for table `pv_kriteria`
--

CREATE TABLE `pv_kriteria` (
  `id_kriteria` int(11) NOT NULL,
  `nilai` float NOT NULL
) ENGINE=MyISAM DEFAULT CHARSET=latin1;

--
-- Dumping data for table `pv_kriteria`
--

INSERT INTO `pv_kriteria` (`id_kriteria`, `nilai`) VALUES
(28, 0.0946567),
(29, 0.129192),
(30, 0.456858),
(31, 0.160397),
(32, 0.158897);

-- --------------------------------------------------------

--
-- Table structure for table `ranking`
--

CREATE TABLE `ranking` (
  `id_alternatif` int(11) NOT NULL,
  `nilai` float NOT NULL
) ENGINE=MyISAM DEFAULT CHARSET=latin1;

--
-- Dumping data for table `ranking`
--

INSERT INTO `ranking` (`id_alternatif`, `nilai`) VALUES
(19, 0.0559622),
(20, 0.0559622),
(21, 0.0559622),
(22, 0.0559622);

--
-- Indexes for dumped tables
--

--
-- Indexes for table `alternatif`
--
ALTER TABLE `alternatif`
  ADD PRIMARY KEY (`id`);

--
-- Indexes for table `ir`
--
ALTER TABLE `ir`
  ADD PRIMARY KEY (`jumlah`);

--
-- Indexes for table `kriteria`
--
ALTER TABLE `kriteria`
  ADD PRIMARY KEY (`id`);

--
-- Indexes for table `perbandingan_alternatif`
--
ALTER TABLE `perbandingan_alternatif`
  ADD PRIMARY KEY (`id`);

--
-- Indexes for table `perbandingan_kriteria`
--
ALTER TABLE `perbandingan_kriteria`
  ADD PRIMARY KEY (`id`);

--
-- Indexes for table `pv_alternatif`
--
ALTER TABLE `pv_alternatif`
  ADD PRIMARY KEY (`id`);

--
-- Indexes for table `pv_kriteria`
--
ALTER TABLE `pv_kriteria`
  ADD PRIMARY KEY (`id_kriteria`);

--
-- Indexes for table `ranking`
--
ALTER TABLE `ranking`
  ADD PRIMARY KEY (`id_alternatif`);

--
-- AUTO_INCREMENT for dumped tables
--

--
-- AUTO_INCREMENT for table `alternatif`
--
ALTER TABLE `alternatif`
  MODIFY `id` int(11) NOT NULL AUTO_INCREMENT, AUTO_INCREMENT=23;
--
-- AUTO_INCREMENT for table `kriteria`
--
ALTER TABLE `kriteria`
  MODIFY `id` int(11) NOT NULL AUTO_INCREMENT, AUTO_INCREMENT=33;
--
-- AUTO_INCREMENT for table `perbandingan_alternatif`
--
ALTER TABLE `perbandingan_alternatif`
  MODIFY `id` int(11) NOT NULL AUTO_INCREMENT, AUTO_INCREMENT=28;
--
-- AUTO_INCREMENT for table `perbandingan_kriteria`
--
ALTER TABLE `perbandingan_kriteria`
  MODIFY `id` int(11) NOT NULL AUTO_INCREMENT, AUTO_INCREMENT=17;
--
-- AUTO_INCREMENT for table `pv_alternatif`
--
ALTER TABLE `pv_alternatif`
  MODIFY `id` int(11) NOT NULL AUTO_INCREMENT, AUTO_INCREMENT=48;
/*!40101 SET CHARACTER_SET_CLIENT=@OLD_CHARACTER_SET_CLIENT */;
/*!40101 SET CHARACTER_SET_RESULTS=@OLD_CHARACTER_SET_RESULTS */;
/*!40101 SET COLLATION_CONNECTION=@OLD_COLLATION_CONNECTION */;
